{
  "sbc_scenario": "v0-provisional",
  "data": {
    "x": {
      "dtype": "float64",
      "shape": [
        64
      ],
      "values": [
        -2.0,
        -1.936508,
        -1.873016,
        -1.809524,
        -1.746032,
        -1.68254,
        -1.619048,
        -1.555556,
        -1.492063,
        -1.428571,
        -1.365079,
        -1.301587,
        -1.238095,
        -1.174603,
        -1.111111,
        -1.047619,
        -0.984127,
        -0.920635,
        -0.857143,
        -0.793651,
        -0.730159,
        -0.666667,
        -0.603175,
        -0.539683,
        -0.47619,
        -0.412698,
        -0.349206,
        -0.285714,
        -0.222222,
        -0.15873,
        -0.095238,
        -0.031746,
        0.031746,
        0.095238,
        0.15873,
        0.222222,
        0.285714,
        0.349206,
        0.412698,
        0.47619,
        0.539683,
        0.603175,
        0.666667,
        0.730159,
        0.793651,
        0.857143,
        0.920635,
        0.984127,
        1.047619,
        1.111111,
        1.174603,
        1.238095,
        1.301587,
        1.365079,
        1.428571,
        1.492063,
        1.555556,
        1.619048,
        1.68254,
        1.746032,
        1.809524,
        1.873016,
        1.936508,
        2.0
      ]
    }
  },
  "seed": 24240713,
  "replicates": 400,
  "sample": {
    "chains": 1,
    "warmup": 200,
    "draws": 100,
    "max_treedepth": 5,
    "target_accept": 0.8
  }
}
